CASE_STATUS,EMPLOYER_NAME,SOC_NAME,JOB_TITLE,FULL_TIME_POSITION,PREVAILING_WAGE,YEAR,WORKSITE,lon,lat
CERTIFIED,INFOSYS LIMITED,SOFTWARE DEVELOPERS,APPLICATIONS DEVELOPER,Y,60000,2016,SAN JOSE, CALIFORNIA,-121.8863286,37.3382082
CERTIFIED,TATA CONSULTANCY SERVICES,SOFTWARE DEVELOPERS,SOFTWARE ENGINEER,Y,65000,2016,NEW YORK, NEW YORK,-74.0059413,40.7127837
CERTIFIED,ACCENTURE LLP,SYSTEMS ANALYSTS,BUSINESS ANALYST,Y,75000,2016,CHICAGO, ILLINOIS,-87.6297982,41.8781136
CERTIFIED,IBM INDIA PRIVATE LIMITED,SOFTWARE DEVELOPERS,SOLUTION ARCHITECT,Y,85000,2016,AUSTIN, TEXAS,-97.7430695,30.2671534
CERTIFIED,DELOITTE CONSULTING LLP,COMPUTER SYSTEMS ANALYSTS,IT CONSULTANT,Y,90000,2016,BOSTON, MASSACHUSETTS,-71.0588801,42.3600825
CERTIFIED,GOOGLE INC.,SOFTWARE DEVELOPERS,SOFTWARE ENGINEER,Y,120000,2016,MOUNTAIN VIEW, CALIFORNIA,-122.0839924,37.4219999
CERTIFIED,MICROSOFT CORPORATION,SOFTWARE DEVELOPERS,SENIOR ENGINEER,Y,115000,2016,REDMOND, WASHINGTON,-122.1219513,47.6740033
CERTIFIED,AMAZON.COM INC,SOFTWARE DEVELOPERS,DATA SCIENTIST,Y,110000,2016,SEATTLE, WASHINGTON,-122.3320708,47.6062095
CERTIFIED,FACEBOOK INC.,SOFTWARE DEVELOPERS,FULL STACK DEVELOPER,Y,105000,2016,MENLO PARK, CALIFORNIA,-122.1777198,37.4847286
CERTIFIED,APPLE INC.,SOFTWARE DEVELOPERS,IOS DEVELOPER,Y,100000,2016,CUPERTINO, CALIFORNIA,-122.0321819,37.3229978
CERTIFIED,NETFLIX INC.,SOFTWARE DEVELOPERS,BACKEND ENGINEER,Y,125000,2016,LOS GATOS, CALIFORNIA,-121.9796212,37.2279534
CERTIFIED,SALESFORCE.COM,SOFTWARE DEVELOPERS,CLOUD ARCHITECT,Y,95000,2016,SAN FRANCISCO, CALIFORNIA,-122.4194155,37.7749295
CERTIFIED,ORACLE AMERICA INC.,SOFTWARE DEVELOPERS,DATABASE ADMINISTRATOR,Y,90000,2016,REDWOOD CITY, CALIFORNIA,-122.2272405,37.5337355
CERTIFIED,INTEL CORPORATION,SOFTWARE DEVELOPERS,SYSTEMS PROGRAMMER,Y,85000,2016,SANTA CLARA, CALIFORNIA,-121.9552356,37.3541079
CERTIFIED,CISCO SYSTEMS INC.,SOFTWARE DEVELOPERS,NETWORK ENGINEER,Y,88000,2016,SAN JOSE, CALIFORNIA,-121.8863286,37.3382082
CERTIFIED,HEWLETT-PACKARD COMPANY,SOFTWARE DEVELOPERS,DEVOPS ENGINEER,Y,82000,2016,PALO ALTO, CALIFORNIA,-122.1633451,37.4418834
CERTIFIED,DELL INC.,SOFTWARE DEVELOPERS,QA ENGINEER,Y,75000,2016,ROUND ROCK, TEXAS,-97.6788963,30.5082151
CERTIFIED,HPE INC.,SOFTWARE DEVELOPERS,PROJECT MANAGER,Y,80000,2016,SAN JOSE, CALIFORNIA,-121.8863286,37.3382082
CERTIFIED,VMWARE INC.,SOFTWARE DEVELOPERS,VIRTUALIZATION ENGINEER,Y,92000,2016,PALO ALTO, CALIFORNIA,-122.1633451,37.4418834
CERTIFIED,ADOBE SYSTEMS INCORPORATED,SOFTWARE DEVELOPERS,FRONTEND DEVELOPER,Y,98000,2016,SAN JOSE, CALIFORNIA,-121.8863286,37.3382082
CERTIFIED,QUALCOMM INC.,SOFTWARE DEVELOPERS,EMBEDDED ENGINEER,Y,105000,2016,SAN DIEGO, CALIFORNIA,-117.1610839,32.715738
CERTIFIED,BROADCOM INC.,SOFTWARE DEVELOPERS,HARDWARE ENGINEER,Y,95000,2016,SAN JOSE, CALIFORNIA,-121.8863286,37.3382082
CERTIFIED,NVIDIA CORPORATION,SOFTWARE DEVELOPERS,MACHINE LEARNING ENGINEER,Y,115000,2016,SANTA CLARA, CALIFORNIA,-121.9552356,37.3541079
CERTIFIED,TESLA MOTORS,SOFTWARE DEVELOPERS,AUTONOMOUS VEHICLE ENGINEER,Y,110000,2016,PALO ALTO, CALIFORNIA,-122.1633451,37.4418834
CERTIFIED,UBER TECHNOLOGIES INC.,SOFTWARE DEVELOPERS,MACHINE LEARNING ENGINEER,Y,108000,2016,SAN FRANCISCO, CALIFORNIA,-122.4194155,37.7749295
CERTIFIED,LYFT INC.,SOFTWARE DEVELOPERS,BACKEND ENGINEER,Y,102000,2016,SAN FRANCISCO, CALIFORNIA,-122.4194155,37.7749295
CERTIFIED,AIRBNB INC.,SOFTWARE DEVELOPERS,FULL STACK DEVELOPER,Y,106000,2016,SAN FRANCISCO, CALIFORNIA,-122.4194155,37.7749295
CERTIFIED,PINTEREST INC.,SOFTWARE DEVELOPERS,DATA ENGINEER,Y,104000,2016,SAN FRANCISCO, CALIFORNIA,-122.4194155,37.7749295
CERTIFIED,TWITTER INC.,SOFTWARE DEVELOPERS,MOBILE DEVELOPER,Y,103000,2016,SAN FRANCISCO, CALIFORNIA,-122.4194155,37.7749295
CERTIFIED,CAPGEMINI,SOFTWARE DEVELOPERS,CONSULTANT,Y,70000,2016,NEW YORK, NEW YORK,-74.0059413,40.7127837
CERTIFIED,WIPRO LIMITED,SOFTWARE DEVELOPERS,SENIOR CONSULTANT,Y,72000,2016,ATLANTA, GEORGIA,-84.3879824,33.7489954
CERTIFIED,HCL AMERICA,SOFTWARE DEVELOPERS,TECHNICAL LEAD,Y,78000,2016,VIENNA, VIRGINIA,-77.2652092,38.9016882
CERTIFIED,TECH MAHINDRA,SOFTWARE DEVELOPERS,ARCHITECT,Y,76000,2016,PLANO, TEXAS,-96.6988856,33.0198431
CERTIFIED,MINDTREE LIMITED,SOFTWARE DEVELOPERS,ENGINEER,Y,68000,2016,SAN JOSE, CALIFORNIA,-121.8863286,37.3382082
CERTIFIED,LARSEN & TOUBRO INFOTECH,SOFTWARE DEVELOPERS,ANALYST,Y,65000,2016,CHICAGO, ILLINOIS,-87.6297982,41.8781136
CERTIFIED,Mphasis Limited,SOFTWARE DEVELOPERS,DEVELOPER,Y,62000,2016,NEW YORK, NEW YORK,-74.0059413,40.7127837
CERTIFIED,ZENSAR TECHNOLOGIES,SOFTWARE DEVELOPERS,PROGRAMMER,Y,58000,2016,PUNE, MAHARASHTRA,0,0
CERTIFIED,PERSISTENT SYSTEMS,SOFTWARE DEVELOPERS,SENIOR DEVELOPER,Y,66000,2016,PUNE, MAHARASHTRA,0,0
CERTIFIED,COGNIZANT TECHNOLOGY SOLUTIONS,SOFTWARE DEVELOPERS,LEAD,Y,82000,2016,CHENNAI, TAMIL NADU,0,0
CERTIFIED,WIPRO LIMITED,SOFTWARE DEVELOPERS,SR. CONSULTANT,Y,75000,2016,HYDERABAD, TELANGANA,0,0
CERTIFIED,HCL AMERICA,SOFTWARE DEVELOPERS,PRINCIPAL ENGINEER,Y,88000,2016,NOIDA, UTTAR PRADESH,0,0
DENIED,INFOSYS LIMITED,SOFTWARE DEVELOPERS,JUNIOR DEVELOPER,Y,45000,2016,FREMONT, CALIFORNIA,-121.9885716,37.5485295
DENIED,TATA CONSULTANCY SERVICES,SOFTWARE DEVELOPERS,INTERN,Y,35000,2016,EDISON, NEW JERSEY,-74.4056611,40.5187154
DENIED,UNKNOWN COMPANY,SOFTWARE DEVELOPERS,DEVELOPER,Y,30000,2016,UNKNOWN LOCATION,0,0
DENIED,STARTUP XYZ,SOFTWARE DEVELOPERS,FOUNDER,Y,25000,2016,UNKNOWN, CALIFORNIA,0,0
DENIED,SMALL CORP,SOFTWARE DEVELOPERS,WEB DEVELOPER,Y,40000,2016,UNKNOWN, TEXAS,0,0
